????????????;??????????;?????;????????? ??.
????????????.??????? ?? ?????;;;
Amazfit Bip Smartwatch Youth Edition Green;4;240;60
3088;4;240;60
Amazfit Bip Smartwatch Youth Edition Red;5;300;60
3086;5;300;60
Amazfit Bip Smartwatch Youth Edition White;2;120;60
3089;2;120;60
Amazfit Pace Sport SmartWatch Black (AF-PCE-BLK-001);8;844;105,5
3090;8;844;105,5
Amazfit Pace Sport SmartWatch Red (AF-PCE-RED-001);3;316,5;105,5
3091;3;316,5;105,5
Apple HomePod Space Gray (MQHW2);3;1 071,15;357,05
3049;3;1 071,15;357,05
Apple iMac 21.5'' Middle 2017 (MMQA2);1;1 099,39;1 099,39
3109;1;1 099,39;1 099,39
Apple iMac 21.5'' Retina 4K Middle 2017 (MNDY2);1;1 288,39;1 288,39
3110;1;1 288,39;1 288,39
Apple iMac 21.5'' with Retina 4K display 2017 (MNE02);1;1 463,89;1 463,89
3111;1;1 463,89;1 463,89
"Apple iMac 21.5"" (MK442) 2015";1;1 104,39;1 104,39
1076;1;1 104,39;1 104,39
"Apple iMac 21.5"" with Retina 4K display (MK452) 2015";1;1 230,39;1 230,39
1077;1;1 230,39;1 230,39
"Apple iMac 27"" with Retina 5K display (MK472) 2015";1;1 553,89;1 553,89
1078;1;1 553,89;1 553,89
"Apple iMac 27"" with Retina 5K display (MK482) 2015";1;1 611,39;1 611,39
1079;1;1 611,39;1 611,39
Apple iPad Pro 10.5 Wi-Fi + Cellular 256GB Rose Gold;1;878,4;878,4
3061;1;878,4;878,4
Apple iPad Pro 10.5 Wi-Fi + Cellular 256GB Silver;1;864,1;864,1
3062;1;864,1;864,1
Apple iPhone 6s Plus 128GB (Gold) CPO;1;557,5;557,5
1426;1;557,5;557,5
Apple iPhone 7 128 Gb Gold refurbished by apple;1;627,24;627,24
2667;1;627,24;627,24
Apple iPhone 7 128 Gb Jet Black refurbished by apple;1;624,1;624,1
2668;1;624,1;624,1
Apple iPhone 7 128 Gb Rose Gold refurbished by apple;1;624,1;624,1
2665;1;624,1;624,1
Apple iPhone 7 Plus 256Gb Silver CPO;1;762,88;762,88
2843;1;762,88;762,88
Apple iPhone 8 256GB Space Grey;1;875;875
2618;1;875;875
"Apple MacBook 12"" Gold (MNYK2) 2017";1;1 218,39;1 218,39
3106;1;1 218,39;1 218,39
"Apple MacBook 12"" Rose Gold (MNYM2) 2017";1;1 218,39;1 218,39
3107;1;1 218,39;1 218,39
"Apple MacBook 12"" Silver (MNYH2) 2017";2;2 433,39;1 216,70
3108;2;2 433,39;1 216,70
"Apple MacBook 12"" Space Grey (MNYF2) 2017";2;2 433,39;1 216,70
3105;2;2 433,39;1 216,70
"Apple MacBook Air 11"" (MJVM2) 2015";5;3 744,28;748,86
1007;5;3 744,28;748,86
"Apple MacBook Air 13"" (MQD32) 2017";4;3 324,75;831,19
2745;4;3 324,75;831,19
Apple Watch Series 3 (GPS) 38mm Space Gray Aluminum w. Gray Sport B. - Space Gray (MR352);2;689,6;344,8
2764;2;689,6;344,8
Asus Zenfone 3 Deluxe ZS550KL 4/64GB Dual Gold;1;232,56;232,56
2971;1;232,56;232,56
Asus Zenfone 3 Deluxe ZS550KL 4/64GB Dual Silver;1;232,56;232,56
3192;1;232,56;232,56
Asus Zenfone 3 ZE520KL 32Gb/3Gb Dual Black;1;173,69;173,69
2996;1;173,69;173,69
Asus Zenfone 3 ZE552KL 32Gb/3Gb Dual Gold;2;342,18;171,09
3236;2;342,18;171,09
Asus Zenfone 3 ZE552KL 32Gb/3Gb Dual White;1;177,69;177,69
3237;1;177,69;177,69
Asus Zenfone 3 ZE552KL 64Gb/4Gb Dual Black ?????????;1;259,33;259,33
1948;1;259,33;259,33
ASUS Zenfone 4 Pro ZS551KL 6/128GB Midnight Black;1;557;557
3074;1;557;557
ASUS Zenfone 4 ZE554KL 4/64GB Midnight Black;1;308,38;308,38
2768;1;308,38;308,38
ASUS Zenfone 4 ZE554KL 6/64GB Midnight Black;1;370;370
2770;1;370;370
ASUS Zenfone 4 ZE554KL 6/64GB Mint Green;1;352,81;352,81
3193;1;352,81;352,81
ASUS Zenfone 4 ZE554KL 6/64GB Moonlight White;2;740,7;370,35
3033;2;740,7;370,35
BlackBerry DTEK50 3/16Gb Dual Black;2;407,62;203,81
2915;2;407,62;203,81
BlackBerry DTEK60 4/32Gb Dual Black;2;654,61;327,31
2963;2;654,61;327,31
BlackBerry Motion 4/32Gb Black Dual;1;413,83;413,83
3247;1;413,83;413,83
Blackview P2 4/64Gb Gray;1;158,31;158,31
2563;1;158,31;158,31
CAT S31 Black;1;301,66;301,66
3034;1;301,66;301,66
CAT S60 Grey;2;996,71;498,36
1929;2;996,71;498,36
Destkop Lenovo ThinkCentre M900 (10FC-S14700);4;1 800,00;450
2886;4;1 800,00;450
Dji Mavic Air Black;1;782,32;782,32
3079;1;782,32;782,32
Dji Mavic Air Red;1;788,88;788,88
3170;1;788,88;788,88
Dji Mavic Air White;1;782,32;782,32
3078;1;782,32;782,32
EP51 Black/Red;3;75;25
3096;3;75;25
EP51 White;4;100;25
3097;4;100;25
Google Pixel 128 Gb Silver ??????;1;821,52;821,52
3197;1;821,52;821,52
Google Pixel 2 128GB Just Black;1;741,56;741,56
2732;1;741,56;741,56
Google Pixel 2 64GB Just Black;2;1 309,71;654,86
2731;2;1 309,71;654,86
Google Pixel 2 64GB Kinda Blue;1;654,81;654,81
2848;1;654,81;654,81
Google Pixel 2 XL 128GB Black&White;2;1 696,03;848,02
2863;2;1 696,03;848,02
Google Pixel 2 XL 128GB Just Black;1;848,02;848,02
2783;1;848,02;848,02
Google Pixel 2 XL 64GB Just Black;2;1 528,77;764,39
2784;2;1 528,77;764,39
HTC 10 Evo 64GB (Silver);1;176,3;176,3
3194;1;176,3;176,3
HTC D10i Desire 10 Pro 64Gb Black;3;536,88;178,96
1974;3;536,88;178,96
HTC D10i Desire 10 Pro 64Gb Blue;1;178,95;178,95
2398;1;178,95;178,95
HTC One X10 Single Sim Black;1;177,35;177,35
2847;1;177,35;177,35
HTC U Ultra 64 Gb dual Black;1;269,31;269,31
1947;1;269,31;269,31
HTC U11 6/128Gb Black;2;1 010,20;505,1
2432;2;1 010,20;505,1
HTC U11 6/128Gb Blue;2;1 009,80;504,9
2431;2;1 009,80;504,9
HTC U11 6/128Gb Red;3;1 506,00;502
2422;3;1 506,00;502
HTC U11 6/128Gb Silver;1;502;502
2430;1;502;502
HTC U11 EYEs 4/64Gb Black;1;355,2;355,2
3003;1;355,2;355,2
HTC U11 EYEs 4/64Gb Silver;1;355,2;355,2
3077;1;355,2;355,2
HTC U11+ 128Gb Dual Ceramic Black;1;658,2;658,2
2891;1;658,2;658,2
HTC U11+ 128Gb Dual Solar Red;1;673;673
2962;1;673;673
HTC U11+ 128Gb Dual Translucent Black;1;653,83;653,83
2890;1;653,83;653,83
Huawei Honor 7X 4/128Gb Black;3;770,25;256,75
2870;3;770,25;256,75
Huawei Honor 7X 4/128Gb Blue;1;289,95;289,95
2896;1;289,95;289,95
Huawei Honor 7X 4/128Gb Gold;2;612,3;306,15
2898;2;612,3;306,15
Huawei Honor 7X 4/32Gb Black;3;632,43;210,81
2869;3;632,43;210,81
Huawei Honor 7X 4/64Gb Black;2;471,4;235,7
2864;2;471,4;235,7
Huawei Honor 7X 4/64Gb Black UA;2;480;240
2864;2;480;240
Huawei Honor 7X 4/64Gb Blue UA;2;480;240
3231;2;480;240
Huawei Honor 8 4/32Gb Gold;1;237,1;237,1
1 338;1;237,1;237,1
Huawei Honor 8 4/64Gb Gold;2;564,74;282,37
1 312;2;564,74;282,37
Huawei Honor 8 4/64Gb White;2;564,74;282,37
1 397;2;564,74;282,37
Huawei Honor 8 lite 3/32Gb white;1;168,11;168,11
2778;1;168,11;168,11
Huawei Honor 8 lite 4/64Gb black;2;413,4;206,7
2639;2;413,4;206,7
Huawei Honor 8 lite 4/64Gb gold;1;230,46;230,46
2705;1;230,46;230,46
Huawei Honor 9 6/128Gb Black;2;787,92;393,96
2549;2;787,92;393,96
Huawei Honor 9 6/128Gb Grey;3;1 174,47;391,49
2551;3;1 174,47;391,49
Huawei Honor 9 6/64Gb Blue;1;366,03;366,03
2547;1;366,03;366,03
Huawei Honor 9 Lite 3/32Gb Blue EU;1;190,63;190,63
3243;1;190,63;190,63
Huawei Honor 9 Lite 3/32Gb Grey EU;1;190,63;190,63
3244;1;190,63;190,63
Huawei Honor V10 4/64Gb  Black;3;1 194,21;398,07
2871;3;1 194,21;398,07
Huawei Honor V10 4/64Gb  Blue;1;394,78;394,78
2872;1;394,78;394,78
Huawei Honor V10 4/64Gb Gold;2;787,88;393,94
2931;2;787,88;393,94
Huawei Honor V10 6/128Gb  Black EU;1;472,03;472,03
2933;1;472,03;472,03
Huawei Honor V10 6/128Gb  Blue;2;965,02;482,51
2873;2;965,02;482,51
Huawei Honor V10 6/128Gb Gold;1;494,15;494,15
2874;1;494,15;494,15
Huawei Honor V10 6/128Gb Red;2;1 021,14;510,57
3179;2;1 021,14;510,57
Huawei Honor V10 6/64Gb  Black;1;413,66;413,66
2876;1;413,66;413,66
Huawei Honor V10 6/64Gb  Blue;2;814,32;407,16
2877;2;814,32;407,16
Huawei Honor V10 6/64Gb Gold;2;930,38;465,19
2875;2;930,38;465,19
Huawei Honor V10 6/64Gb Red;1;427,83;427,83
2878;1;427,83;427,83
HUAWEI Mate 10 128GB Black;2;1 245,78;622,89
3112;2;1 245,78;622,89
HUAWEI Mate 10 128GB Black AL-29;2;1 294,00;647
3112;2;1 294,00;647
HUAWEI Mate 10 128GB Brown;1;604,71;604,71
3114;1;604,71;604,71
HUAWEI Mate 10 128GB Brown AL-29;2;1 266,00;633
3114;2;1 266,00;633
HUAWEI Mate 10 128GB Gold AL-29;2;1 269,00;634,5
3113;2;1 269,00;634,5
HUAWEI Mate 10 4/64GB Black L-29;12;6 029,21;502,43
2733;12;6 029,21;502,43
HUAWEI Mate 10 4/64GB Gold L-29;1;539;539
2992;1;539;539
HUAWEI Mate 10 4/64GB Mocha Brown L-29;6;3 056,58;509,43
2913;6;3 056,58;509,43
HUAWEI Mate 10 Lite 64GB Gold;1;277,71;277,71
3123;1;277,71;277,71
Huawei Mate 10pro 6/128GB Dual Blue L-29;4;2 774,18;693,55
2879;4;2 774,18;693,55
Huawei Mate 10pro 6/128GB Dual Brown L-29;1;670,23;670,23
2936;1;670,23;670,23
Huawei Mate 10pro 6/128GB Rose Gold L-29;1;695,54;695,54
2991;1;695,54;695,54
Huawei Mate 9 4/64Gb Dual Brown L29;3;1 226,33;408,78
1934;3;1 226,33;408,78
Huawei Mate 9 4/64Gb Dual Gold L-29;2;826,88;413,44
1678;2;826,88;413,44
Huawei Mate 9 pro 6/128Gb Dual Titanium Grey;2;1 136,66;568,33
2142;2;1 136,66;568,33
HUAWEI MediaPad M3 4/64GB (Gold) Wifi;2;612,54;306,27
3115;2;612,54;306,27
Huawei MediaPad M3 8 4/128GB gold;2;734;367
2939;2;734;367
Huawei MediaPad M3 8 4/32GB silver;3;895;298,33
2938;3;895;298,33
Huawei Nova 2 Plus 4/128Gb Dual Blue;1;342,53;342,53
2502;1;342,53;342,53
Huawei Nova 2S 4/64Gb Dual Black;2;776,32;388,16
3171;2;776,32;388,16
Huawei Nova 2S 4/64Gb Dual Blue;1;373,28;373,28
3172;1;373,28;373,28
Huawei Nova 2S 4/64Gb Dual Grey;1;380,72;380,72
3173;1;380,72;380,72
Huawei Nova 2S 6/128Gb Dual Blue;1;442,41;442,41
3180;1;442,41;442,41
Huawei Nova 2S 6/128Gb Dual Grey;1;444,37;444,37
3174;1;444,37;444,37
Huawei Nova 2S 6/128Gb Dual Pink;1;429,48;429,48
3175;1;429,48;429,48
Huawei Nova 2S 6/64Gb Dual Black;2;811,04;405,52
3176;2;811,04;405,52
Huawei Nova 2S 6/64Gb Dual Blue;1;392,3;392,3
3177;1;392,3;392,3
Huawei Nova 2S 6/64Gb Dual Grey;1;405,52;405,52
3178;1;405,52;405,52
Huawei Nova 2S 6/64Gb Dual Pink;1;407,09;407,09
3181;1;407,09;407,09
Huawei Nova Young Gray Single;1;85;85
2935;1;85;85
HUAWEI P10 4/64Gb AL-00 Dual Black;4;1 463,00;365,75
2162;4;1 463,00;365,75
HUAWEI P10 4/64Gb AL-00 Dual Gold;3;1 037,70;345,9
2164;3;1 037,70;345,9
HUAWEI P10 4/64Gb Dual Blue;3;1 085,10;361,7
2163;3;1 085,10;361,7
HUAWEI P10 4/64Gb Dual Green;2;753,18;376,59
2384;2;753,18;376,59
HUAWEI P10 Lite 64 Gb Dual Platinum Gold;1;251,87;251,87
2698;1;251,87;251,87
HUAWEI P10 Plus 6/128Gb Dual L29 Black EU;1;498,29;498,29
2272;1;498,29;498,29
HUAWEI P10 Plus 6/128Gb Dual L29 Blue EU;1;500,97;500,97
2273;1;500,97;500,97
HUAWEI P10 Plus 6/64Gb Dual Black;1;435,27;435,27
2270;1;435,27;435,27
HUAWEI P10 Plus 6/64Gb Dual Blue;2;968,6;484,3
2167;2;968,6;484,3
HUAWEI P10 Plus 6/64Gb Dual Gold;1;474,44;474,44
2168;1;474,44;474,44
HUAWEI P10 Plus 6/64Gb Dual Green;2;875,5;437,75
2337;2;875,5;437,75
HUAWEI P20 4/128Gb Dual Black L29 EU;2;1 223,80;611,9
3241;2;1 223,80;611,9
HUAWEI P20 4/128Gb Dual Blue L29 EU;1;611,9;611,9
3242;1;611,9;611,9
HUAWEI P20 4/128Gb Dual Pink Gold;1;611,31;611,31
3195;1;611,31;611,31
HUAWEI P20 pro 6/128Gb Dual Black L29 EU;1;814,44;814,44
3240;1;814,44;814,44
HUAWEI Watch (Gold Stainless Steel with Gold Stainless Steel Link Band);2;517;258,5
3116;2;517;258,5
HUAWEI Watch (Stainless Steel with Black Leather Strap);1;230,9;230,9
419;1;230,9;230,9
JBL Bar Studio (JBLBARSBLKAM);1;106,87;106,87
3127;1;106,87;106,87
Led-??????? Xiaomi Portable Electric Torch White;2;34,46;17,23
3255;2;34,46;17,23
LeEco LeTV Cool1 3/32GB Silver;2;226;113
1949;2;226;113
Lenovo ThinkVision T24i-10 (61A6MAT3EU);1;175;175
2887;1;175;175
LG H870 G6 32Gb dual (Black);2;687,98;343,99
2995;2;687,98;343,99
LG H870 G6 32Gb dual (Platinum);1;345,81;345,81
2994;1;345,81;345,81
LG H870 G6 32Gb dual (White);2;727,31;363,66
2968;2;727,31;363,66
LG H870 G6 64Gb dual (Blue);3;1 382,35;460,78
2600;3;1 382,35;460,78
LG H870 G6 64Gb dual (Gold);2;908,74;454,37
2433;2;908,74;454,37
LG H870 G6 64Gb dual (White);2;902,29;451,15
2220;2;902,29;451,15
LG H870 G6 Plus 128Gb dual (Black);2;805,87;402,94
2406;2;805,87;402,94
LG H870 G6 Plus 128Gb dual (Gold);1;506,1;506,1
2407;1;506,1;506,1
LG Q6 3/32Gb dual M700 (Black White);2;358,46;179,23
3128;2;358,46;179,23
LG Q6+ (LGM700AN.A4ISKU) Blue 2 Sim;1;215,5;215,5
3117;1;215,5;215,5
LG V30 64GB Silver;2;1 041,62;520,81
3017;2;1 041,62;520,81
LG V30+ 128GB Blue B&O;1;602,13;602,13
3029;1;602,13;602,13
LG V30+ 128GB Silver ??? B&O;2;1 170,47;585,24
3028;2;1 170,47;585,24
Meizu HD 50 (Black);1;49,77;49,77
1 536;1;49,77;49,77
Meizu M3E 3/32GB dual (Gold);4;425,21;106,3
1 407;4;425,21;106,3
Meizu M3E 3/32GB dual (Gray);4;425,49;106,37
1 540;4;425,49;106,37
Meizu M3E 3/32GB dual (Silver);3;318,59;106,2
1 408;3;318,59;106,2
Meizu M5 Note 3/16GB gold EU;2;247,72;123,86
1730;2;247,72;123,86
Meizu M5 Note 3/16GB grey EU;2;247,72;123,86
1755;2;247,72;123,86
Meizu M5C 2/16GB gold EU;3;256,71;85,57
2388;3;256,71;85,57
Meizu M6 2/16Gb Dual Black EU;4;398,16;99,54
3042;4;398,16;99,54
Meizu M6 2/16Gb Dual Gold EU;2;199,08;99,54
3043;2;199,08;99,54
Meizu M6 2/16Gb Dual Silver EU;7;696,78;99,54
2610;7;696,78;99,54
Meizu M6 3/32Gb Dual Blue EU;4;447,92;111,98
3044;4;447,92;111,98
Meizu M6 3/32Gb Dual Gold EU;4;447,92;111,98
2607;4;447,92;111,98
Meizu M6 3/32Gb Dual Silver EU;4;449,88;112,47
2611;4;449,88;112,47
Meizu M6 Note 3/32Gb Dual Black;7;1 039,22;148,46
2599;7;1 039,22;148,46
Meizu M6 Note 3/32Gb Dual Gold;1;146,82;146,82
2556;1;146,82;146,82
Meizu M6 Note 3/32Gb Dual Silver;4;587,28;146,82
2555;4;587,28;146,82
Meizu M6 Note 4/64Gb Dual Gold;4;749,24;187,31
2613;4;749,24;187,31
Meizu M6s 3/32GB (Black) EU;4;629,16;157,29
2975;4;629,16;157,29
Meizu M6s 3/32GB (Gold);3;529,71;176,57
2941;3;529,71;176,57
Meizu M6s 3/32GB (Gold) EU;4;706,28;176,57
2941;4;706,28;176,57
Meizu M6s 3/32GB (White);15;2 509,35;167,29
3182;15;2 509,35;167,29
Meizu M6s 3/64GB (Black);13;2 606,89;200,53
2974;13;2 606,89;200,53
Meizu M6s 3/64GB (Blue);10;1 968,50;196,85
3183;10;1 968,50;196,85
Meizu M6s 3/64GB (Gold);8;1 604,24;200,53
3130;8;1 604,24;200,53
Meizu M6s 3/64GB (White) dual;14;2 755,90;196,85
3184;14;2 755,90;196,85
Meizu MX6 3/32GB gold;5;756,75;151,35
2274;5;756,75;151,35
Meizu Pro 6plus 4/64GB (Gold);1;260,45;260,45
2155;1;260,45;260,45
Meizu Pro 6plus 4/64GB (Gold) EU;3;582,56;194,19
2155;3;582,56;194,19
Meizu Pro 6S 64GB (Gold);1;183,03;183,03
1720;1;183,03;183,03
Meizu PRO 7 4/64Gb LTE Red EU;1;260,27;260,27
3005;1;260,27;260,27
Motorola Moto Z XT1650 64Gb White dual;1;519,66;519,66
1700;1;519,66;519,66
Nokia 6 2 Generation 4/32GB Dual Black;2;424,04;212,02
3015;2;424,04;212,02
Nokia 6 32gb dual Silver;1;186,64;186,64
2309;1;186,64;186,64
Nokia 6 64gb dual Silver;1;210,94;210,94
2308;1;210,94;210,94
Nokia 8 64gb dual Copper;19;6 657,76;350,41
2740;19;6 657,76;350,41
Nokia 8 64gb dual Silver;1;340,34;340,34
2601;1;340,34;340,34
Nokia 8 64gb dual sirocco Black;2;1 204,17;602,09
3239;2;1 204,17;602,09
OnePlus 3  A3000 64Gb Gold;1;345,2;345,2
1 395;1;345,2;345,2
OnePlus 3  A3000 64Gb Grey;3;1 022,34;340,78
871;3;1 022,34;340,78
OnePlus 3  A3003 64Gb Gold;2;750,83;375,42
1395;2;750,83;375,42
OnePlus 5T 6-64GB Black;5;2 387,83;477,57
2828;5;2 387,83;477,57
Oukitel K10000 Pro 3/32Gb Black;4;611,32;152,83
2416;4;611,32;152,83
Razer Nabu Watch Smart Wristwear (RZ04-00870700-R3C1);1;138,5;138,5
2916;1;138,5;138,5
Razer Phone RZ35-0215 8/64GB Black;2;1 325,00;662,5
2885;2;1 325,00;662,5
Samsung A320F Galaxy A3 2017 (Black Sky) UA;1;295,85;295,85
1875;1;295,85;295,85
Samsung A320F Galaxy A3 2017 (Gold Sand) UA;1;295,85;295,85
1876;1;295,85;295,85
Samsung A520FD Galaxy A5 2017 (Blue Mist) duos;2;523,23;261,62
1943;2;523,23;261,62
Samsung A720FD Galaxy A7 2017 (Black Sky) duos;2;620,76;310,38
1981;2;620,76;310,38
Samsung A720FD Galaxy A7 2017 (Gold Sand) duos;2;617,61;308,81
1983;2;617,61;308,81
Samsung A9000 Galaxy A9 (Gold);1;248,32;248,32
427;1;248,32;248,32
Samsung A9000 Galaxy A9 (Pink);1;248,32;248,32
886;1;248,32;248,32
Samsung C5000 Galaxy C5 duos 32GB (Grey);3;582,16;194,05
924;3;582,16;194,05
Samsung C5000 Galaxy C5 duos 32GB (Pink Gold);4;767,6;191,9
1 358;4;767,6;191,9
Samsung C5000 Galaxy C5 duos 64GB (Pink Gold);2;462,33;231,17
895;2;462,33;231,17
Samsung C7100 Galaxy C8 duos 32GB (Gold);1;244,2;244,2
2692;1;244,2;244,2
Samsung C7100 Galaxy C8 duos 32GB (Pink);2;492,81;246,41
2912;2;492,81;246,41
Samsung C7100 Galaxy C8 duos 64GB (Black);1;276,41;276,41
3070;1;276,41;276,41
Samsung C9000 Galaxy C9 duos 64GB (Black);3;1 087,08;362,36
1930;3;1 087,08;362,36
Samsung C9000 Galaxy C9 duos 64GB (Pink);3;1 043,52;347,84
1736;3;1 043,52;347,84
Samsung G1650 Galaxy Folder 2 Black;3;658,2;219,4
3072;3;658,2;219,4
Samsung G1650 Galaxy Folder 2 Wine Red;2;424,62;212,31
3071;2;424,62;212,31
Samsung G930FD Galaxy S7 32GB (Gold Platinum) duos;4;1 523,72;380,93
538;4;1 523,72;380,93
Samsung G930FD Galaxy S7 32GB (Silver Titanium) duos;1;389,42;389,42
627;1;389,42;389,42
Samsung G9350 Galaxy S7 Edge 128GB (Black Onyx) duos;1;488,88;488,88
2153;1;488,88;488,88
Samsung G935FD Galaxy S7 Edge 32GB (Black Onyx) duos;2;809,64;404,82
626;2;809,64;404,82
Samsung G935FD Galaxy S7 Edge 32GB (Black) duos;6;2 456,04;409,34
626;6;2 456,04;409,34
Samsung G950FD Galaxy S8 64GB (Coral Blue) duos;2;1 098,67;549,34
2402;2;1 098,67;549,34
Samsung G950FD Galaxy S8 64GB (Midnight Black) duos;3;1 607,59;535,86
2260;3;1 607,59;535,86
Samsung G950FD Galaxy S8 64GB (Orchid Gray) duos;1;550;550
2261;1;550;550
Samsung G9550 Galaxy S8 Plus 128GB ( Burgundi Red ) duos;3;2 137,71;712,57
3010;3;2 137,71;712,57
Samsung G9550 Galaxy S8 Plus 128GB (Coral Blue) duos;3;2 128,08;709,36
2351;3;2 128,08;709,36
Samsung G9550 Galaxy S8 Plus 128GB (Orcid Grey) duos;5;3 514,35;702,87
2350;5;3 514,35;702,87
Samsung G9550 Galaxy S8 Plus 128GB (Rose Pink) duos;3;2 141,70;713,9
2571;3;2 141,70;713,9
Samsung G955FD Galaxy S8 Plus 64GB (Coral Blue) duos;3;1 786,21;595,4
2567;3;1 786,21;595,4
Samsung G955FD Galaxy S8 Plus 64GB (Maple Gold) duos;3;1 774,98;591,66
2196;3;1 774,98;591,66
Samsung G955FD Galaxy S8 Plus 64GB (Midnight Black) duos;3;1 785,90;595,3
2262;3;1 785,90;595,3
Samsung G955FD Galaxy S8 Plus 64GB (Orchid Grey) duos;2;1 180,35;590,18
2195;2;1 180,35;590,18
Samsung G960FD Galaxy S9 64GB (Blue) duos;2;1 314,07;657,04
3075;2;1 314,07;657,04
Samsung G960FD Galaxy S9 64GB (Grey) duos;3;2 039,28;679,76
3125;3;2 039,28;679,76
Samsung G960FD Galaxy S9 64GB (Midnight Black) duos;5;3 376,52;675,3
3019;5;3 376,52;675,3
Samsung G965FD Galaxy S9+ 128GB (Black) duos;3;2 473,08;824,36
3025;3;2 473,08;824,36
Samsung G965FD Galaxy S9+ 128GB (Blue) duos;2;1 677,44;838,72
3081;2;1 677,44;838,72
Samsung G965FD Galaxy S9+ 256GB (Blue) duos;3;2 725,23;908,41
3169;3;2 725,23;908,41
Samsung G965FD Galaxy S9+ 256GB (Midnight Black) duos;1;899,31;899,31
3027;1;899,31;899,31
Samsung G965FD Galaxy S9+ 64GB (Blue) duos;4;3 176,56;794,14
3040;4;3 176,56;794,14
Samsung G965FD Galaxy S9+ 64GB (Lilac Purple) duos;1;787,4;787,4
3031;1;787,4;787,4
Samsung G965FD Galaxy S9+ 64GB (Midnight Black) duos;4;3 122,71;780,68
3020;4;3 122,71;780,68
Samsung G965FD Galaxy S9+ 64GB (Titanium Grey) duos;2;1 535,64;767,82
3082;2;1 535,64;767,82
Samsung Galaxy A8 2018 64GB Gold duos;2;791,8;395,9
2972;2;791,8;395,9
Samsung Galaxy A8 2018 64GB Orchid Grey duos;2;766,42;383,21
2970;2;766,42;383,21
Samsung Galaxy A8+ 4/64Gb 2018 Black duos;2;908,04;454,02
2967;2;908,04;454,02
Samsung Galaxy A8+ 4/64Gb 2018 Black duos;1;485,33;485,33
2967;1;485,33;485,33
Samsung Galaxy A8+ 4/64Gb 2018 Gold duos;1;469,01;469,01
2965;1;469,01;469,01
Samsung Galaxy A8+ 4/64Gb 2018 Grey duos;1;455,41;455,41
2966;1;455,41;455,41
Samsung Galaxy Tab S2 9.7 (2016) LTE 32Gb Black (SM-T819NZKE);4;1 680,00;420
1245;4;1 680,00;420
Samsung Galaxy Tab S3 9.7 32GB LTE Black T825;4;2 247,02;561,76
2683;4;2 247,02;561,76
Samsung Galaxy Tab S3 9.7 32GB LTE Silver T825;2;1 123,34;561,67
2684;2;1 123,34;561,67
Samsung Gear S3 Classic silver;2;542;271
2061;2;542;271
Samsung Gear VR (SM-R323NBKASEK);1;999;999
1662;1;999;999
Samsung J730F 32Gb Galaxy J7 2017 (Silver-Blue) duos;1;249;249
2911;1;249;249
Samsung J730F 64Gb Galaxy J7 2017 (Black) duos;2;513,4;256,7
3168;2;513,4;256,7
Samsung N9006 Galaxy Note 3 16GB (White);4;814,52;203,63
481;4;814,52;203,63
Samsung N9500 Galaxy Note8 6/128GB (Black) duos;4;3 307,72;826,93
2597;4;3 307,72;826,93
Samsung N9500 Galaxy Note8 6/128GB (Grey) duos;3;2 410,21;803,4
2584;3;2 410,21;803,4
Samsung N9500 Galaxy Note8 6/128GB (Pink) duos;4;3 160,74;790,19
2717;4;3 160,74;790,19
Samsung N9500 Galaxy Note8 6/256GB (Black) duos;2;1 787,59;893,8
2690;2;1 787,59;893,8
Samsung N9500 Galaxy Note8 6/256GB (Blue) duos;3;2 670,86;890,29
2627;3;2 670,86;890,29
Samsung N9500 Galaxy Note8 6/64GB (Pink) duos;1;728,36;728,36
3036;1;728,36;728,36
Samsung N950FD Galaxy Note8 6/64GB (Gold) duos;1;706,32;706,32
2580;1;706,32;706,32
Samsung N950FD Galaxy Note8 6/64GB (Grey) duos;6;4 379,54;729,92
2579;6;4 379,54;729,92
Sharp FS8010 Aquos S2 4/64GB Blue;2;711,23;355,62
2893;2;711,23;355,62
Sharp FS8010 Aquos S2 4/64GB White;1;355,61;355,61
2894;1;355,61;355,61
Sony G8342  Xperia XZ1  64Gb Dual (Pink);1;433,89;433,89
2590;1;433,89;433,89
Sony G8441  Xperia XZ1 compact 32Gb (Twilight Pink);1;429,94;429,94
2689;1;429,94;429,94
Sony H8296  Xperia XZ2 64Gb Dual (Ash Pink);1;640,31;640,31
3189;1;640,31;640,31
Sony H8296  Xperia XZ2 64Gb Dual (Black);1;640,3;640,3
3190;1;640,3;640,3
Sony H8296  Xperia XZ2 64Gb Dual (Silver);1;640,3;640,3
3191;1;640,3;640,3
Sony H8324  Xperia XZ2 compact 64Gb duos (Coral Pink);1;540,32;540,32
3235;1;540,32;540,32
Sony H8324  Xperia XZ2 compact 64Gb duos (Liquid Black);1;540,31;540,31
3232;1;540,31;540,31
Sony H8324  Xperia XZ2 compact 64Gb duos (Liquid Silver);1;540,32;540,32
3233;1;540,32;540,32
Xiaomi Mi A1 4/32Gb (Black) EU;1;162,43;162,43
2976;1;162,43;162,43
Xiaomi Mi A1 4/32Gb (Gold) EU;7;1 207,43;172,49
2977;7;1 207,43;172,49
Xiaomi Mi A1 4/32Gb (Pink) EU;2;344,98;172,49
2978;2;344,98;172,49
Xiaomi Mi Max 2 4/128GB (Black);4;1 090,77;272,69
3014;4;1 090,77;272,69
Xiaomi Mi Max 2 4/128GB (Gold);5;1 245,35;249,07
2373;5;1 245,35;249,07
Xiaomi Mi MIX 2 6/128GB (Black);2;945,17;472,59
2700;2;945,17;472,59
Xiaomi Mi MIX 2 6/256GB (Black);2;1 331,14;665,57
2686;2;1 331,14;665,57
Xiaomi Mi Mix 2 8/128GB Special Edition White;2;1 221,22;610,61
2990;2;1 221,22;610,61
Xiaomi Mi MIX 4/128GB (Black);6;2 276,70;379,45
1 535;6;2 276,70;379,45
Xiaomi Mi Notebook Air 12.5 intel Core M3 4/256Gb Gold;1;586,5;586,5
2438;1;586,5;586,5
"Xiaomi Mi notebook Air 12""5 intel Core M3 4/128Gb Silver";9;4 882,71;542,52
947;9;4 882,71;542,52
Xiaomi Mi Notebook Air 13.3 8/256 2017 Silver fingerprint;3;2 289,00;763
2779;3;2 289,00;763
Xiaomi Mi Notebook Pro 15.6 Intel Core i7 8/256 GB;3;2 819,62;939,87
2831;3;2 819,62;939,87
Xiaomi Mi Robot Vacuum Cleaner White;5;1 465,06;293,01
2347;5;1 465,06;293,01
Xiaomi Mi Robot Vacuum Cleaner White 2;19;7 628,12;401,48
3011;19;7 628,12;401,48
Xiaomi Mi5s plus 6/128GB (Gold);1;318,57;318,57
1404;1;318,57;318,57
Xiaomi Mi5s plus 6/128GB (Pink);2;704,95;352,48
2568;2;704,95;352,48
Xiaomi Note 2 4/64GB (Silver Black);2;604,93;302,47
2340;2;604,93;302,47
Xiaomi Note 2 6/128GB (Black);1;340,72;340,72
1 550;1;340,72;340,72
Xiaomi Note 2 6/128GB EU (Black);2;681,44;340,72
1 550;2;681,44;340,72
Xiaomi Redmi 5 3/32Gb Black;1;136,28;136,28
2929;1;136,28;136,28
Xiaomi Redmi 5 3/32Gb Black EU;7;931,7;133,1
2929;7;931,7;133,1
Xiaomi Redmi 5 3/32Gb Blue EU;7;942,41;134,63
3001;7;942,41;134,63
Xiaomi Redmi 5 3/32Gb Gold;9;1 183,86;131,54
2928;9;1 183,86;131,54
Xiaomi Redmi 5 plus 3/32Gb Black;6;894,3;149,05
2905;6;894,3;149,05
Xiaomi Redmi 5 plus 3/32Gb Gold;3;440,97;146,99
2906;3;440,97;146,99
Xiaomi Redmi 5 plus 4/64Gb Blue;10;1 727,30;172,73
4830;10;1 727,30;172,73
Xiaomi Redmi 5 plus 4/64Gb Rose Gold;9;1 589,67;176,63
3185;9;1 589,67;176,63
Xiaomi Redmi Note 4X 4/64Gb (Snapdragon 625) (Blue);7;1 127,77;161,11
3129;7;1 127,77;161,11
ZTE Nubia M2 lite 3/64 Gold;2;286,94;143,47
2734;2;286,94;143,47
ZTE Nubia M2 lite 4/32 Black/Gold;2;283,66;141,83
2291;2;283,66;141,83
ZTE Nubia M2 lite 4/32 Gold;2;286,94;143,47
3032;2;286,94;143,47
ZTE Nubia Z11 6/64 Grey;1;281,45;281,45
2100;1;281,45;281,45
ZTE Nubia Z17 8/64 Black;1;446,18;446,18
2902;1;446,18;446,18
ZTE Nubia Z17 8/64 Black/Gold;1;446,19;446,19
2903;1;446,19;446,19
